# number	file	origin-commit	subject
0001	0001-iphlpapi-Implement-GetNetworkConnectivityHint-and-No.patch	e6596cd75e0	iphlpapi: Implement GetNetworkConnectivityHint() and NotifyNetworkConnectivityHintChange().
0002	0002-ole32-Implement-OleGetClipboardWithEnterpriseInfo.patch	ff574629306	ole32: Implement OleGetClipboardWithEnterpriseInfo().
0003	0003-srpapi-New-DLL.patch	cf2b3885614	srpapi: New DLL.
0004	0004-sspicli-Implement-SspiPrepareForCredRead.patch	5b44dd6d368	sspicli: Implement SspiPrepareForCredRead().
0005	0005-advapi32-Return-ERROR_NOT_FOUND-from-CredReadW-for-c.patch	c097eb8dbd9	advapi32: Return ERROR_NOT_FOUND from CredReadW() for credential types Wine does not store.
0006	0006-secur32-Answer-SECPKG_ATTR_PACKAGE_INFO-and-SECPKG_A.patch	17b0814baae	secur32: Answer SECPKG_ATTR_PACKAGE_INFO and SECPKG_ATTR_SESSION_KEY for Schannel contexts.
0007	0007-winegstreamer-Add-an-HEVC-decoder-transform.patch	bcc0f37d758	winegstreamer: Add an HEVC decoder transform.
0008	0008-kernelbase-Redirect-resource-lookups-to-a-module-s-M.patch	381e754a5aa	kernelbase: Redirect resource lookups to a module's MUI file.
0009	0009-ntdll-Decode-TraceLogging-events.patch	b36e90e5c95	ntdll: Decode TraceLogging events.
0010	0010-secur32-Implement-the-CredSSP-security-package.patch	a2e30276da0	secur32: Implement the CredSSP security package.
0011	0011-ntdll-Report-Windows-11-24H2-build-number.patch	08f0b37e6d4	ntdll: Report Windows 11 24H2 build number.
0012	0012-configure-Regenerate-for-the-new-srpapi-makefile.patch	d49ca361d1b	configure: Regenerate for the new srpapi makefile.
0013	0013-Fill-the-gaps-Microsoft-365-hits-on-startup.patch	fbc7513308b	Fill the gaps Microsoft 365 hits on startup
0014	0014-sppc-implement-the-public-SL-surface-instead-of-leav.patch	831c343d3f0	sppc: implement the public SL* surface instead of leaving it stubbed.
0015	0015-windows.applicationmodel-implement-Windows.Applicati.patch	feb481b94c1	windows.applicationmodel: implement Windows.ApplicationModel.Core.CoreApplication.
0016	0016-virtdisk-GetStorageDependencyInformation-must-not-re.patch	acc710b7241	virtdisk: GetStorageDependencyInformation must not report success.
0017	0017-sppc-answer-unlicensed-instead-of-failing-and-stop-f.patch	c1c060cdcb2	sppc: answer "unlicensed" instead of failing, and stop faking a policy handle.
0018	0018-Everything-Microsoft-365-needed-between-launch-and-a.patch	d14b028a8cd	Everything Microsoft 365 needed between launch and a signed-in, licensed app.
0019	0019-xmllite-keep-the-right-bytes-when-a-character-spans-.patch	8aedcf0b43b	xmllite: keep the right bytes when a character spans a read boundary.
0020	0020-amsi-scan-with-the-host-s-scanner-instead-of-answeri.patch	ba6642de68e	amsi: scan with the host's scanner instead of answering "nothing detected".
0021	0021-kernelbase-print-the-registers-and-the-stack-words-a.patch	3682248f261	kernelbase: print the registers and the stack words at an unhandled fault.
0022	0022-kernelbase-declare-stack_scan_from-before-RaiseExcep.patch	f552fb5ee08	kernelbase: declare stack_scan_from before RaiseException uses it.
0023	0023-wineps-give-the-properties-sheet-the-pages-Windows-h.patch	7a296de36a6	wineps: give the properties sheet the pages Windows has, and follow the locale.
0024	0024-onlineid-stand-aside-when-this-broker-holds-no-token.patch	04dde4e8ebb	onlineid: stand aside when this broker holds no token to answer with.
0025	0025-winemenubuilder-name-the-Wine-that-wrote-the-entry-n.patch	b7c696c5665	winemenubuilder: name the Wine that wrote the entry, not whatever is on PATH.
0026	0026-winhttp-let-a-request-s-autologon-policy-be-read-bac.patch	ce7df2862f4	winhttp: let a request's autologon policy be read back.
0027	0027-wintrust-close-the-trust-data-the-caller-just-handed.patch	c8d09ac4f34	wintrust: close the trust data the caller just handed us, not the one verify saw.
0028	0028-services-build-each-service-s-environment-when-it-st.patch	c11d11fdc8e	services: build each service's environment when it starts, not once and forever.
0029	0029-ole32-export-CoCancelCall-and-give-it-an-answer-inst.patch	72cf7b35551	ole32: export CoCancelCall, and give it an answer instead of a stub.
0030	0030-wineps.drv-print-both-sides-on-a-printer-that-has-no.patch	10b551e914d	wineps.drv: print both sides on a printer that has no duplexer.
0031	0031-appxdeploymentclient-answer-the-package-queries-inst.patch	7a55d453b46	appxdeploymentclient: answer the package queries instead of returning E_NOTIMPL.
0032	0032-ntdll-RtlValidRelativeSecurityDescriptor-answered-th.patch	08e08e4b35e	ntdll: RtlValidRelativeSecurityDescriptor answered the opposite of the truth.
0033	0033-sppc-register-the-product-definitions-an-install-han.patch	4ceb3f0d0bb	sppc: register the product definitions an install hands to SLInstallLicense.
0034	0034-The-sign-in-button-opens-Office-s-own-sign-in-now-an.patch	547084617e6	The sign-in button opens Office's own sign-in now, and nothing aborts on the way.
0035	0035-coremessaging-implement-Windows.System.DispatcherQue.patch	c0aee4def76	coremessaging: implement Windows.System.DispatcherQueue.
0036	0036-win32u-rasterize-subpixel-glyphs-in-strips-when-Free.patch	f832d4ff5bf	win32u: rasterize subpixel glyphs in strips when FreeType refuses them.
0037	0037-wineps.drv-name-the-input-tray-in-the-CUPS-job-ticke.patch	112ea9a7bca	wineps.drv: name the input tray in the CUPS job ticket, not only in PostScript.
0038	0038-Show-what-the-print-queue-is-doing-implement-EnumJob.patch	958bc7e8b55	Show what the print queue is doing: implement EnumJobs and a window for it.
0039	0039-wineps.drv-stop-putting-the-PPD-s-paper-size-back-ov.patch	6166c6fbd4e	wineps.drv: stop putting the PPD's paper size back over the stored one.
0040	0040-Remove-the-IME-spot-diagnostics-now-that-they-have-s.patch	1b6ea27c81a	Remove the IME spot diagnostics now that they have said what they were for.
0041	0041-wineps.drv-the-stored-DEVMODE-is-a-set-of-choices-no.patch	7b037d761f0	wineps.drv: the stored DEVMODE is a set of choices, not a copy of the PPD.
0042	0042-wineps.drv-turn-the-sheet-for-short-edge-manual-dupl.patch	c9ca6710775	wineps.drv: turn the sheet for short-edge manual duplex.
0043	0043-win32u-a-screen-with-no-outputs-still-has-to-look-li.patch	f17a43cfea8	win32u: a screen with no outputs still has to look like one monitor.
0044	0044-winex11-no-outputs-right-now-is-not-a-reason-to-give.patch	410af3582c5	winex11: no outputs right now is not a reason to give up on XRandR for good.
0045	0045-win32u-a-stored-display-config-that-names-a-monitor-.patch	7796566d380	win32u: a stored display config that names a monitor we did not find is not readable.
0046	0046-windows.web-implement-Windows.Web.Http.Filters.HttpB.patch	1fbbad0ede9	windows.web: implement Windows.Web.Http.Filters.HttpBaseProtocolFilter.
0047	0047-windows.web-implement-Windows.Web.Http.HttpMethod-an.patch	9a743e28217	windows.web: implement Windows.Web.Http.HttpMethod and HttpClient.
0048	0048-win32u-derive-the-display-config-from-the-driver-onc.patch	0bbf9b53ec5	win32u: derive the display config from the driver once per session.
0049	0049-combase-the-WinRT-error-reporting-calls-have-to-retu.patch	eca8dc4d5e4	combase: the WinRT error-reporting calls have to return.
0050	0050-windows.networking.sockets-windows.system.profile-tw.patch	683dea26612	windows.networking.sockets, windows.system.profile: two classes Office asks for.
0051	0051-windows.web-implement-HttpRequestMessage-and-HttpRes.patch	ae73830460d	windows.web: implement HttpRequestMessage and HttpResponseMessage.
0052	0052-windows.web-implement-the-four-HttpContent-classes.patch	69464f3570a	windows.web: implement the four HttpContent classes.
0053	0053-Implement-the-last-three-runtime-classes-Office-asks.patch	e5a33cfdb00	Implement the last three runtime classes Office asks for.
0054	0054-win32u-winex11-notice-a-display-change-the-notificat.patch	5b116e73db3	win32u, winex11: notice a display change the notification missed.
0055	0055-win32u-server-the-work-area-has-to-follow-the-screen.patch	fc74af9f3a4	win32u, server: the work area has to follow the screen too.
0056	0056-sppc-register-every-Office-edition-s-product-definit.patch	e585970a017	sppc: register every Office edition's product definition, not only 2016's.
0057	0057-prntvpt-wineps.drv-offer-the-driver-s-two-sided-prin.patch	9c53d10caba	prntvpt, wineps.drv: offer the driver's two-sided printing to Word.
0058	0058-win32u-winex11-handle-a-display-change-the-way-the-W.patch	3ccbbc060be	win32u, winex11: handle a display change the way the Windows kernel does.
0059	0059-win32u-point-a-display-source-s-link-at-the-new-sour.patch	4606740651e	win32u: point a display source's link at the new source when the host replaces an output.
0060	0060-wineps.drv-print-the-backs-of-a-manual-duplex-job-th.patch	449e8b94667	wineps.drv: print the backs of a manual duplex job the way the stack goes back in.
0061	0061-win32u-move-windows-off-a-monitor-that-has-gone-onto.patch	eae950f3432	win32u: move windows off a monitor that has gone onto one that is still there.
0062	0062-webservices-read-an-element-that-is-there-but-empty-.patch	ad86cdc2cc4	webservices: read an element that is there but empty as an empty string.
0063	0063-xmllite-write-a-namespace-declaration-once-where-it-.patch	0ebf2b0cb41	xmllite: write a namespace declaration once, where it was asked for.
0064	0064-ole32-do-not-flush-an-ILockBytes-that-a-storage-has-.patch	97d127a90f0	ole32: do not flush an ILockBytes that a storage has not written to.
0065	0065-windows.web-give-an-HTTP-request-a-property-bag.patch	68e843d5c02	windows.web: give an HTTP request a property bag.
0066	0066-webservices-build-a-service-proxy-from-its-template-.patch	5875181a07f	webservices: build a service proxy from its template description too.
0067	0067-winex11-keep-a-shadow-window-with-the-window-it-belo.patch	426913341dc	winex11: keep a shadow window with the window it belongs to.
0068	0068-winex11-win32u-a-window-the-window-manager-moved-ont.patch	ca6f1ecd046	winex11, win32u: a window the window manager moved onto a new screen is on it.
0069	0069-winex11-give-an-X-window-made-again-its-_NET_WM_USER.patch	46126ff9866	winex11: give an X window made again its _NET_WM_USER_TIME.
0070	0070-winex11-an-expose-does-not-say-what-is-on-top-under-.patch	ddc9cfd9596	winex11: an expose does not say what is on top under a compositing manager.
0071	0071-win32u-an-output-that-is-not-on-the-desktop-yet-is-n.patch	54210fe626e	win32u: an output that is not on the desktop yet is not a screen.
0072	0072-include-add-DataReader-to-windows.storage.streams.id.patch	a3e370d5497	include: add DataReader to windows.storage.streams.idl.
0073	0073-windows.storage-give-InMemoryRandomAccessStream-its-.patch	b929e695050	windows.storage: give InMemoryRandomAccessStream its views, clones and FlushAsync.
0074	0074-wintypes-add-DataReader-and-the-rest-of-DataWriter.patch	a615ef573da	wintypes: add DataReader, and the rest of DataWriter.
0075	0075-iertutil-the-display-URI-of-a-URI-with-a-user-name-i.patch	bfc51cbc084	iertutil: the display URI of a URI with a user name is one character shorter.
0076	0076-iertutil-the-rest-of-Windows.Foundation.Uri-and-WwwF.patch	1ae8277052e	iertutil: the rest of Windows.Foundation.Uri, and WwwFormUrlDecoder.
0077	0077-urlmon-tests-the-dot-segment-test-has-one-field-too-.patch	25e08780566	urlmon/tests: the dot segment test has one field too many here.
0078	0078-iertutil-implement-Uri_CREATE_NORMALIZE_INTL_CHARACT.patch	ab3bf1c0b85	iertutil: implement Uri_CREATE_NORMALIZE_INTL_CHARACTERS.
0079	0079-iertutil-implement-Uri_CREATE_CANONICALIZE_ABSOLUTE.patch	14de3e9ebb9	iertutil: implement Uri_CREATE_CANONICALIZE_ABSOLUTE.
0080	0080-iertutil-parse-as-Windows.Foundation.Uri-does-intern.patch	aeb6202c12e	iertutil: parse as Windows.Foundation.Uri does, international characters and all.
0081	0081-windows.networking.hostname-the-rest-of-HostName-as-.patch	b134a7d5ccc	windows.networking.hostname: the rest of HostName, as Windows has it.
0082	0082-wininet-keep-the-cookies-a-response-sets-where-Windo.patch	6668f107981	wininet: keep the cookies a response sets where Windows keeps them.
0083	0083-wininet-send-a-request-s-headers-as-Windows-does.patch	f0b8ec4347b	wininet: send a request's headers as Windows does.
0084	0084-wintypes-a-Buffer-names-its-class-and-marshals-as-Wi.patch	13a9643da17	wintypes: a Buffer names its class and marshals as Windows' does.
0085	0085-include-all-of-Windows.Web.Http-Headers-and-Filters.patch	2ed24e7327b	include: all of Windows.Web.Http, Headers and Filters.
0086	0086-windows.web-the-rest-of-Windows.Web.Http-measured-ag.patch	2a1f5113614	windows.web: the rest of Windows.Web.Http, measured against Windows.
0087	0087-windows.web-tests-test-Windows.Web.Http-against-a-se.patch	1b42f9d0740	windows.web/tests: test Windows.Web.Http against a server in the process.
0088	0088-include-Windows.Web-and-the-rest-of-the-web-socket-t.patch	f012b2bad84	include: Windows.Web, and the rest of the web socket types in Windows.Networking.Sockets.
0089	0089-windows.web-WebError-reading-a-failed-request-the-wa.patch	3af46fb6ff7	windows.web: WebError, reading a failed request the way Windows does.
0090	0090-winhttp-close-a-web-socket-and-fail-one-the-way-Wind.patch	97db056ccc6	winhttp: close a web socket, and fail one, the way Windows does.
0091	0091-windows.networking.sockets-MessageWebSocket-as-Windo.patch	99616312144	windows.networking.sockets: MessageWebSocket as Windows has it, measured case by case.
0092	0092-windows.networking.sockets-tests-test-MessageWebSock.patch	87ac2e5ca4f	windows.networking.sockets/tests: test MessageWebSocket against a server in the process.
0093	0093-windows.security.enterprisedata-give-the-async-callb.patch	d2bfe7e799a	windows.security.enterprisedata: give the async callback the argument it is called with.
0094	0094-combase-Call-into-a-context-s-apartment-from-outside.patch	5fd3e0561b2	combase: Call into a context's apartment from outside it, and let the context answer for IMarshal.
0095	0095-windows.system.profile-SharedModeSettings-and-Retail.patch	a012e4a15e1	windows.system.profile: SharedModeSettings, and RetailInfo's factory as Windows has it.
0096	0096-wintypes-say-which-API-contracts-are-present-from-ev.patch	32a1257f0bb	wintypes: say which API contracts are present, from every entry point alike.
0097	0097-twinapi-AppVisibility-as-Windows-answers-it-on-a-des.patch	ef755816dc1	twinapi: AppVisibility, as Windows answers it on a desktop.
0098	0098-kernelbase-pass-CreateFile2-s-security-quality-of-se.patch	3e6b7394d6e	kernelbase: pass CreateFile2's security quality of service on.
0099	0099-include-all-of-Windows.UI.Composition-as-Windows-met.patch	fa7d673c8b0	include: all of Windows.UI.Composition, as Windows' metadata declares it, and its interop.
0100	0100-coremessaging-timers-dedicated-threads-and-shutting-.patch	8d5312602c8	coremessaging: timers, dedicated threads, and shutting a queue down.
0101	0101-d2d1-play-command-lists-back-and-keep-what-they-reco.patch	5f5328ae2e7	d2d1: play command lists back, and keep what they recorded where it can be found.
0102	0102-dcomp-Windows.UI.Composition-drawn-with-Direct2D.patch	df57c6859a4	dcomp: Windows.UI.Composition, drawn with Direct2D.
0103	0103-dcomp-drop-shadows-and-redirect-visuals.patch	94a60cf8aab	dcomp: drop shadows, and redirect visuals.
0104	0104-dcomp-make-a-compositor-that-commits-itself-do-its-f.patch	57960d5b60e	dcomp: make a compositor that commits itself do its first commit as well.
0105	0105-dcomp-run-an-InteractionTracker-s-custom-animations-.patch	50f239aa08f	dcomp: run an InteractionTracker's custom animations and inertia.
0106	0106-dcomp-compose-surfaces-a-target-s-device-did-not-dra.patch	12d3550d8eb	dcomp: compose surfaces a target's device did not draw.
0107	0107-d3d11-drop-a-call-that-sets-a-scissor-rectangle-insi.patch	2a6eec61a37	d3d11: drop a call that sets a scissor rectangle inside out, as Windows does.
0108	0108-d3d11-write-back-the-scissor-rectangle-count-in-d3d1.patch	5d04af42bfe	d3d11: write back the scissor rectangle count in d3d10_device_RSGetScissorRects.
0109	0109-d2d1-implement-Flush-and-keep-track-of-drawing-as-Wi.patch	4bc74808ce5	d2d1: implement Flush, and keep track of drawing as Windows does.
0110	0110-d2d1-let-go-of-what-the-last-draw-bound-when-the-tar.patch	89d00568497	d2d1: let go of what the last draw bound when the target changes.
0111	0111-win32u-print-a-window-by-having-it-paint-as-Windows-.patch	4d1eda6afc6	win32u: print a window by having it paint, as Windows does.
0112	0112-xmllite-answer-IsDefault-instead-of-a-stub.patch	f3407d712c4	xmllite: answer IsDefault, instead of a stub.
0113	0113-include-add-the-file-information-structures-of-Windo.patch	6dfee4aec67	include: add the file information structures of Windows 8 and 10.
0114	0114-kernelbase-answer-the-storage-case-sensitivity-norma.patch	563d16e78aa	kernelbase: answer the storage, case sensitivity, normalized name and remote protocol classes.
0115	0115-twinapi-add-VirtualDesktopManager.patch	21155277f15	twinapi: add VirtualDesktopManager.
0116	0116-include-add-the-power-setting-GUIDs-and-what-Windows.patch	22c7cf6a47b	include: add the power setting GUIDs and what Windows tells of them.
0117	0117-ntdll-count-the-cycles-threads-and-processes-ran-for.patch	009dbfed5a0	ntdll: count the cycles threads and processes ran for, and read other processes' times.
0118	0118-ntdll-read-the-charge-of-batteries-that-count-energy.patch	a8b42d4ade1	ntdll: read the charge of batteries that count energy.
0119	0119-ntdll-give-no-token-UI-access.patch	846a12a2e57	ntdll: give no token UI access.
0120	0120-win32u-keep-the-version-of-a-thread-s-per-monitor-DP.patch	7ad0c75cd57	win32u: keep the version of a thread's per monitor DPI awareness in its windows.
0121	0121-user32-win32u-keep-DPI-hosting-behaviors-and-answer-.patch	418b5cc6add	user32, win32u: keep DPI hosting behaviors, and answer EnableNonClientDpiScaling as Windows does.
0122	0122-user32-check-touch-hit-testing-registrations-and-kee.patch	061f05027fa	user32: check touch hit testing registrations and keep window message filters.
0123	0123-user32-tell-windows-and-callbacks-registered-for-pow.patch	44b48f5b158	user32: tell windows and callbacks registered for power settings their values.
0124	0124-powrprof-the-platform-s-role-the-one-power-scheme-an.patch	d011f80d121	powrprof: the platform's role, the one power scheme, and power notifications.
0125	0125-wtsapi32-check-session-notification-registrations.patch	63708ebe328	wtsapi32: check session notification registrations.
0126	0126-ntdll-tell-whether-a-thread-has-I-O-pending.patch	655e63efd1a	ntdll: tell whether a thread has I/O pending.
0127	0127-crypt32-say-a-structure-has-no-encoder-or-decoder-on.patch	02257f7bb87	crypt32: say a structure has no encoder or decoder only when nothing has one.
0128	0128-ntdll-put-the-account-s-full-name-in-the-environment.patch	049ce78e8d3	ntdll: put the account's full name in the environment.
0129	0129-secur32-netapi32-give-the-account-s-full-name-and-ma.patch	cdc01bafda1	secur32, netapi32: give the account's full name, and map name formats as Windows does.
0130	0130-bcrypt-check-the-object-buffers-callers-hand-in-as-W.patch	2890cc28db6	bcrypt: check the object buffers callers hand in, as Windows does, instead of printing that they are ignored.
0131	0131-webservices-take-the-struct-options-that-only-concer.patch	2408549fc5d	webservices: take the struct options that only concern reading without a FIXME.
0132	0132-windows.globalization-add-Language-s-statics-IsWellF.patch	6329d0323f2	windows.globalization: add Language's statics, IsWellFormed and the input method's language.
0133	0133-include-add-the-process-mitigation-policies-the-powe.patch	4d878fae33e	include: add the process mitigation policies, the power throttling state, heap classes and GetGuiResources flags.
0134	0134-ntdll-kernelbase-keep-the-process-s-mitigation-polic.patch	9f7ecadacbb	ntdll, kernelbase: keep the process's mitigation policies and power throttling state, and answer them.
0135	0135-ntdll-answer-HeapEnableTerminationOnCorruption.patch	f410c2cd698	ntdll: answer HeapEnableTerminationOnCorruption.
0136	0136-win32u-count-the-GDI-and-USER-objects-of-a-process-f.patch	2061cbdf505	win32u: count the GDI and USER objects of a process for GetGuiResources.
0137	0137-kernelbase-answer-the-AppPolicy-queries-without-a-FI.patch	29a23ba61dc	kernelbase: answer the AppPolicy queries without a FIXME.
0138	0138-winegcc-name-a-module-after-its-output-file-when-its.patch	2b4a2ab4079	winegcc: name a module after its output file when its spec's name has a dot of its own.
0139	0139-ntdll-win32u-setupapi-print-trace-arguments-with-for.patch	10aa5111032	ntdll, win32u, setupapi: print trace arguments with formats that match their types.
0140	0140-ntdll-kernelbase-Merge-the-preferred-UI-language-lis.patch	994a6c75651	ntdll, kernelbase: Merge the preferred UI language lists as Windows 11 does.
0141	0141-kernel32-tests-expect-ThreadIsIoPending-to-need-quer.patch	d91c0609011	kernel32/tests: expect ThreadIsIoPending to need query access, as it does now.
0142	0142-xmllite-read-a-document-in-the-encoding-its-declarat.patch	3b32e2e8f7c	xmllite: read a document in the encoding its declaration names, and use the MultiLanguage object for the ones it does not know.
0143	0143-mlang-know-the-charset-names-Windows-knows-and-answe.patch	69b716ef788	mlang: know the charset names Windows knows, and answer IMultiLanguage from the MIME database.
0144	0144-ntdll-advapi32-track-ETW-provider-registrations-and-.patch	e7c68b78a3c	ntdll, advapi32: track ETW provider registrations and traits
0145	0145-ntdll-implement-classic-ETW-ANSI-provider-registrati.patch	2f3f5f1db8e	ntdll: implement classic ETW ANSI provider registration
0146	0146-dcomp-bind-interaction-trackers-independently-by-axi.patch	75fb13c2741	dcomp: bind interaction trackers independently by axis
0147	0147-dcomp-reject-tracker-binding-across-compositors-as-W.patch	667d6f2d7de	dcomp: reject tracker binding across compositors as Windows does
0148	0148-dcomp-free-a-visual-after-removing-all-interaction-s.patch	7115f78ed07	dcomp: free a visual after removing all interaction sources
0149	0149-d3d11-wined3d-reject-invalid-map-flags-and-avoid-wai.patch	65957a8115a	d3d11, wined3d: reject invalid map flags and avoid waiting on queued work
0150	0150-wined3d-poll-backend-GPU-fences-for-nonblocking-maps.patch	fa9568d4cf3	wined3d: poll backend GPU fences for nonblocking maps
0151	0151-d3d11-tests-only-unmap-successful-nonblocking-maps.patch	3a21d6d21ad	d3d11/tests: only unmap successful nonblocking maps
0152	0152-rpcss-drop-local-COM-classes-after-their-server-exit.patch	20d4114972b	rpcss: drop local COM classes after their server exits
0153	0153-dcomp-implement-CompositionEffectSourceParameter.patch	924ce8acd29	dcomp: implement CompositionEffectSourceParameter
0154	0154-d2d1-render-additive-primitive-blends-with-a-real-GP.patch	34cc7f6ca95	d2d1: render additive primitive blends with a real GPU state
0155	0155-d2d1-honor-bitmap-DrawImage-plus-composite-mode.patch	d15b7f3ce3e	d2d1: honor bitmap DrawImage plus composite mode
0156	0156-d2d1-draw-effect-graphs-the-way-Windows-does-with-th.patch	e61efaf2ca9	d2d1: draw effect graphs the way Windows does, with the built-in effects Office uses
0157	0157-include-add-IGraphicsEffectD2D1Interop.patch	e5f401a8fcf	include: add IGraphicsEffectD2D1Interop
0158	0158-dcomp-implement-CompositionEffectFactory-and-Composi.patch	9f688c8fd47	dcomp: implement CompositionEffectFactory and CompositionEffectBrush
0159	0159-dcomp-let-expressions-read-properties-with-dots-in-t.patch	c787400fc28	dcomp: let expressions read properties with dots in their names
0160	0160-d2d1-tests-Test-arcs-in-path-geometries.patch	6007369e9aa	d2d1/tests: Test arcs in path geometries.
0161	0161-d2d1-draw-layers.patch	5911b8c272e	d2d1: draw layers
0162	0162-d2d1-draw-stroke-styles-dashes-and-caps-and-fixed-an.patch	7200e5f0f0e	d2d1: draw stroke styles' dashes and caps, and fixed and hairline widths
0163	0163-d2d1-draw-round-bevel-and-miter-or-bevel-line-joins.patch	04e63e509ea	d2d1: draw round, bevel and miter-or-bevel line joins
0164	0164-wined3d-Keep-the-table-of-shared-handles-under-a-loc.patch	33128a0f0cb	wined3d: Keep the table of shared handles under a lock of its own.
0165	0165-wined3d-Move-a-GL-context-off-a-swapchain-that-is-de.patch	13f504b779d	wined3d: Move a GL context off a swapchain that is destroyed.
0166	0166-wined3d-Leave-a-GL-context-on-the-backup-DC-of-a-win.patch	fc5f3766384	wined3d: Leave a GL context on the backup DC of a window it could not draw to.
0167	0167-wined3d-dxgi-d3d11-Hand-out-shared-handles-the-way-W.patch	de2fa6e4ae6	wined3d, dxgi, d3d11: Hand out shared handles the way Windows does.
0168	0168-d3d11-Follow-which-participant-holds-a-keyed-mutex.patch	91ad5615836	d3d11: Follow which participant holds a keyed mutex.
0169	0169-wintypes-Give-the-caller-its-own-copy-of-an-array-pr.patch	f9e4b4e5d93	wintypes: Give the caller its own copy of an array property value.
0170	0170-d2d1-Let-go-of-a-command-list-s-pointer-to-a-context.patch	b6e05021960	d2d1: Let go of a command list's pointer to a context that goes away.
0171	0171-d2d1-Give-a-transform-its-draw-info-as-soon-as-it-jo.patch	6ddf09d07d0	d2d1: Give a transform its draw info as soon as it joins the graph.
0172	0172-d2d1-Name-the-effect-that-is-not-drawn-for-want-of-a.patch	b745ad11ff7	d2d1: Name the effect that is not drawn for want of a transform graph.
0173	0173-d2d1-Draw-the-ColorMatrix-effect.patch	81a9363afef	d2d1: Draw the ColorMatrix effect.
0174	0174-d2d1-Work-out-what-geometries-fill-combine-and-strok.patch	f6a0972a5eb	d2d1: Work out what geometries fill, combine and stroke, as Windows does.
0175	0175-dwrite-Hand-out-a-kept-font-collection-only-while-so.patch	933e9ec48c1	dwrite: Hand out a kept font collection only while something holds it.
0176	0176-d2d1-Draw-gradients-with-their-extend-mode-gamma-and.patch	6394879713b	d2d1: Draw gradients with their extend mode, gamma and colour spaces.
0177	0177-d3d11-Implement-ID3D11DeviceContext1-ClearView.patch	f29b4c5b8b7	d3d11: Implement ID3D11DeviceContext1::ClearView().
0178	0178-d2d1-Draw-each-cubic-B-zier-as-enough-quadratic-ones.patch	0969acbd7e2	d2d1: Draw each cubic Bézier as enough quadratic ones to follow it.
0179	0179-d2d1-Antialias-what-is-drawn-with-D2D1_ANTIALIAS_MOD.patch	e35b82daf0e	d2d1: Antialias what is drawn with D2D1_ANTIALIAS_MODE_PER_PRIMITIVE.
0180	0180-vkd3d-shader-hlsl-Parse-the-sample-interpolation-mod.patch	4a3bda0211a	vkd3d-shader/hlsl: Parse the "sample" interpolation modifier.
0181	0181-vkd3d-shader-spirv-Keep-SV_Position-at-the-pixel-s-c.patch	4375c991358	vkd3d-shader/spirv: Keep SV_Position at the pixel's centre in a shader run per sample.
0182	0182-wined3d-Interpolate-GLSL-pixel-shader-inputs-where-D.patch	8fb34c9f34e	wined3d: Interpolate GLSL pixel shader inputs where D3D does.
0183	0183-wined3d-Remove-the-Vulkan-pipelines-made-with-a-shad.patch	614f5f6c4fc	wined3d: Remove the Vulkan pipelines made with a shader module when it goes.
0184	0184-d2d1-Implement-FillOpacityMask-and-take-an-inverted-.patch	8ff1248eda6	d2d1: Implement FillOpacityMask(), and take an inverted DrawBitmap() source the right way round.
0185	0185-d2d1-Implement-FillMesh.patch	b8243ad0d54	d2d1: Implement FillMesh().
0186	0186-d2d1-Cut-mitres-off-at-the-limit-and-join-a-stroke-t.patch	60f4a037565	d2d1: Cut mitres off at the limit, and join a stroke that turns straight back by its style.
0187	0187-combase-Ask-the-object-for-the-interface-before-buil.patch	88785fc334c	combase: Ask the object for the interface before building a stub for it.
0188	0188-combase-Report-why-an-in-process-server-could-not-be.patch	98b2ed135c1	combase: Report why an in-process server could not be loaded.
0189	0189-include-Add-ITaskSettings2-and-IMonthlyTrigger-s-Day.patch	402347cb5cc	include: Add ITaskSettings2, and IMonthlyTrigger's DaysOfMonth is a LONG.
0190	0190-urlmon-A-question-ProcessUrlAction-may-not-ask-is-a-.patch	aa1a3c0186e	urlmon: A question ProcessUrlAction may not ask is a refusal.
0191	0191-xmllite-take-each-chunk-of-a-UTF-16-document-once.patch	5f7bbc9de06	xmllite: take each chunk of a UTF-16 document once.
0192	0192-xmllite-end-a-document-where-it-ends.patch	4baa42526be	xmllite: end a document where it ends.
0193	0193-taskschd-keep-all-that-a-task-definition-says-and-wr.patch	821efebd1aa	taskschd: keep all that a task definition says, and write and read it as Windows does.
0194	0194-include-describe-the-Task-Scheduler-s-interfaces-as-.patch	c5a56ac9095	include: describe the Task Scheduler's interfaces as its type library does.
0195	0195-schedsvc-Report-version-1.6-of-the-task-schema.patch	609c7817466	schedsvc: Report version 1.6 of the task schema.
0196	0196-taskschd-let-scripts-drive-the-objects-and-keep-what.patch	550083fd52c	taskschd: let scripts drive the objects, and keep what Windows 10 added to a task.
0197	0197-win32u-Leave-a-window-that-draws-its-own-caption-und.patch	c3022b0c1d0	win32u: Leave a window that draws its own caption undecorated.
0198	0198-dwmapi-Keep-the-attributes-of-a-window-as-Windows-11.patch	ec411eb8173	dwmapi: Keep the attributes of a window as Windows 11 does.
0199	0199-combase-ole32-Ask-the-activation-filter-a-process-re.patch	3f0b952b656	combase, ole32: Ask the activation filter a process registers, as Windows does.
0200	0200-comctl32-Leave-the-windows-of-other-processes-to-the.patch	65d258b6bf8	comctl32: Leave the windows of other processes to them in the subclassing helpers.
0201	0201-combase-ole32-widl-Make-input-synchronous-calls-and-.patch	ada78c3b116	combase, ole32, widl: Make input-synchronous calls, and only those, from a sent message.
0202	0202-ole32-Let-the-default-handler-answer-for-the-interfa.patch	5e3f4ebf2db	ole32: Let the default handler answer for the interfaces of the object it runs.
0203	0203-combase-Hand-the-message-filter-only-the-application.patch	b97cb726157	combase: Hand the message filter only the application's calls, typed as Windows types them.
0204	0204-combase-Send-back-a-call-the-message-filter-rejects-.patch	c201d91a2de	combase: Send back a call the message filter rejects, and make it again as the caller's filter says.
0205	0205-dcomp-Keep-a-position-asked-for-without-clamping-whi.patch	d32b2c67943	dcomp: Keep a position asked for without clamping while an idle tracker's bounds move toward it.
0206	0206-win32u-Have-a-parent-s-process-look-again-at-its-DCs.patch	8b47f49a02a	win32u: Have a parent's process look again at its DCs when a child in another process moves.
0207	0207-server-ntdll-kernelbase-Complete-a-lock-as-any-I-O-a.patch	369d3a7155b	server, ntdll, kernelbase: Complete a lock as any I/O, and grant one that waits when the lock in its way goes.
0208	0208-win32u-Let-a-process-read-and-change-the-menus-of-an.patch	5eac8d45f63	win32u: Let a process read and change the menus of another, through the thread owning them.
0209	0209-win32u-Draw-and-track-another-process-s-menu-through.patch	c6911e23dba	win32u: Draw and track another process's menu through a copy kept up to date.
0210	0210-user32-Break-DrawText-lines-where-Windows-does.patch	a5304112806	user32: Break DrawText lines where Windows does.
0211	0211-win32u-gdi32-Give-format-and-control-characters-no-r.patch	8c923f63238	win32u, gdi32: Give format and control characters no room and draw nothing, as Windows' language processing does.
0212	0212-win32u-Leave-the-border-above-a-menu-bar-s-items-out.patch	4f1f6356c6d	win32u: Leave the border above a menu bar's items out of the bar's rectangle.
0213	0213-fontsub-Make-subsets-of-TrueType-fonts-as-Windows-ma.patch	af83bd12c65	fontsub: Make subsets of TrueType fonts as Windows makes them.
0214	0214-windows.applicationmodel.useractivities-Give-a-deskt.patch	86fe4b7cc1f	windows.applicationmodel.useractivities: Give a desktop application a request manager for each of its windows.
0215	0215-appxdeploymentclient-Implement-IPackageManager9.patch	6c8cf84a643	appxdeploymentclient: Implement IPackageManager9.
0216	0216-win32u-Let-an-installed-free-math-font-stand-in-for-.patch	5fe33004cef	win32u: Let an installed free math font stand in for Cambria Math.
0217	0217-dwrite-Let-an-installed-free-math-font-stand-in-for-.patch	d41157ec867	dwrite: Let an installed free math font stand in for Cambria Math too.
0218	0218-win32u-Give-the-cubic-curves-of-CFF-outlines-as-Wind.patch	e54b1592845	win32u: Give the cubic curves of CFF outlines as Windows gives them.
0219	0219-kernelbase-Expand-the-long-names-of-paths-with-a-dri.patch	c47edd4ee0c	kernelbase: Expand the long names of \\?\ paths with a drive letter.
0220	0220-winex11-Tell-the-input-method-where-the-caret-is-fro.patch	75be58b5cac	winex11: Tell the input method where the caret is from the start, also on the spot.
0221	0221-imm32-Show-the-composition-at-the-caret-when-the-app.patch	389947b22c0	imm32: Show the composition at the caret when the application leaves it to the IME.
0222	0222-inetcomm-Register-the-MIME-classes-Windows-registers.patch	93a2ac08285	inetcomm: Register the MIME classes Windows registers for what it implements.
0223	0223-ntdll-Add-TpSetWaitEx-and-return-from-TpSetTimerEx-w.patch	c1da1ffce66	ntdll: Add TpSetWaitEx, and return from TpSetTimerEx whether the timer was still to go off.
0224	0224-kernelbase-Add-TlsGetValue2-and-FlsGetValue2.patch	5f94e4c4703	kernelbase: Add TlsGetValue2 and FlsGetValue2.
0225	0225-ntdll-Implement-the-AVL-generic-tables-and-RtlIsName.patch	73812fac3da	ntdll: Implement the AVL generic tables and RtlIsNameInExpression.
0226	0226-libs-Import-the-decoder-of-libwebp-1.6.0.patch	20bd5ede1c4	libs: Import the decoder of libwebp 1.6.0.
0227	0227-mfplat-Give-the-transforms-MFTEnumEx-finds-in-the-re.patch	c838f7e1799	mfplat: Give the transforms MFTEnumEx finds in the registry their name and both lists of types.
0228	0228-windowscodecs-Decode-WebP-as-Windows-does.patch	cb648e0fe06	windowscodecs: Decode WebP, as Windows does.
0229	0229-vbscript-Complete-the-error-string-table-and-transla.patch	babfe23cf6f	vbscript: Complete the error string table, and translate it as Windows does.
0230	0230-vbscript-Take-objects-Null-and-names-as-Windows-does.patch	bd31e117321	vbscript: Take objects, Null and names as Windows does, and implement LoadPicture.
0231	0231-oleaut32-Say-True-and-False-in-Chinese-and-Russian-a.patch	1f3d3766cf3	oleaut32: Say True and False in Chinese and Russian as Windows does.
0232	0232-oleaut32-Report-pictures-that-cannot-be-loaded-as-Wi.patch	42a63c39e53	oleaut32: Report pictures that cannot be loaded as Windows does.
0233	0233-scrrun-Answer-missing-files-and-folders-as-Windows-d.patch	d07a75a0a25	scrrun: Answer missing files and folders as Windows does.
0234	0234-ntdll-Treat-colons-in-file-names-as-stream-syntax-as.patch	f8be02cafee	ntdll: Treat colons in file names as stream syntax, as Windows does.
0235	0235-server-Give-window-stations-and-desktops-the-securit.patch	4f5c2921206	server: Give window stations and desktops the security descriptors Windows does.
0236	0236-kernelbase-Build-the-raw-stack-dump-for-x86_64-only-.patch	3fe482a3bd8	kernelbase: Build the raw stack dump for x86_64 only, where it is called.
0237	0237-d2d1-Let-the-DXGI-surface-render-targets-of-a-factor.patch	1a59b6b2315	d2d1: Let the DXGI surface render targets of a factory share a device.
0238	0238-gdiplus-Implement-GdipEmfToWmfBits.patch	c41b8d90efc	gdiplus: Implement GdipEmfToWmfBits().
0239	0239-gdiplus-Give-dual-metafiles-GDI-records-of-what-they.patch	ef6394f09e1	gdiplus: Give dual metafiles GDI records of what they draw.
0240	0240-gdiplus-Read-the-display-flag-of-an-EMF-header-from-.patch	5a5c4e8944f	gdiplus: Read the display flag of an EMF+ header from bit 0, where it is written.
0241	0241-gdiplus-Write-GdipEmfToWmfBits-records-one-by-one-as.patch	5984f701eae	gdiplus: Write GdipEmfToWmfBits() records one by one, as Windows does.
0242	0242-d2d1-Stream-a-rounded-rectangle-with-its-rounds-wher.patch	36d90f1456f	d2d1: Stream a rounded rectangle with its rounds where they are.
0243	0243-msxml3-Parse-a-schema-from-a-document-as-UTF-8-whate.patch	62394bf8b46	msxml3: Parse a schema from a document as UTF-8 whatever its declaration says.
0244	0244-msxml3-take-MSXML-s-uXXXX-escapes-in-a-pattern-facet.patch	b2aaf722c24	msxml3: take MSXML's \uXXXX escapes in a pattern facet.
0245	0245-msxml3-Keep-a-unary-minus-to-its-operand-and-take-a-.patch	9e49c0ed71b	msxml3: Keep a unary minus to its operand, and take a single one before MSXML 4.0.
0246	0246-msxml3-Call-a-function-by-its-prefixed-name-and-impl.patch	cf1d835fc35	msxml3: Call a function by its prefixed name, and implement ms:string-compare().
0247	0247-services-Start-the-local-security-authority-before-t.patch	7b4512b9bba	services: Start the local security authority before the services that start with the system.
0248	0248-dcomp-Make-the-default-device-before-the-frame-locks.patch	2902dcebd2c	dcomp: Make the default device before the frame locks the devices it draws with.
0249	0249-mlang-Map-RFC-1766-names-with-MLang-s-own-table-as-W.patch	c864d9b3cd8	mlang: Map RFC 1766 names with MLang's own table, as Windows does.
0250	0250-msxml3-Compare-a-number-in-a-predicate-with-the-posi.patch	a84e4e30d79	msxml3: Compare a number in a predicate with the position as a number.
0251	0251-msxml3-Implement-MSXML-s-extension-functions-in-XPat.patch	b88683d346b	msxml3: Implement MSXML's extension functions in XPath and XSLT.
0252	0252-msxml3-Give-the-SAX-reader-MSXML-s-properties-limits.patch	429d6b4b5e5	msxml3: Give the SAX reader MSXML's properties, limits and DTD handling.
0253	0253-ole32-Implement-the-LockServer-and-ResizeBorder-prox.patch	b7587d9dcbd	ole32: Implement the LockServer and ResizeBorder proxies and stubs.
0254	0254-combase-Fail-a-proxy-s-QueryInterface-with-the-error.patch	1a542784a9a	combase: Fail a proxy's QueryInterface with the error of the call that could not be made.
0255	0255-win32u-winex11.drv-Run-Mesa-without-its-threaded-con.patch	02d2de4fafe	win32u, winex11.drv: Run Mesa without its threaded context unless told otherwise.
0256	0256-rpcrt4-Wait-on-a-copy-of-a-server-thread-s-handle-in.patch	3a33177bb89	rpcrt4: Wait on a copy of a server thread's handle in RpcMgmtWaitServerListen().
0257	0257-dxgi-Take-a-missing-client-area-dimension-as-8-pixel.patch	eb68830a8d9	dxgi: Take a missing client area dimension as 8 pixels in ResizeBuffers().
0258	0258-msxml3-Answer-attribute-lookups-and-types-as-each-MS.patch	96e57a7d4e7	msxml3: Answer attribute lookups and types as each MSXML version does.
0259	0259-msxml3-Keep-the-parser-settings-a-document-is-given-.patch	3d91a9eb11d	msxml3: Keep the parser settings a document is given, as MSXML does.
0260	0260-msxml3-Implement-IXMLDOMAttribute-put_nodeTypedValue.patch	27950277758	msxml3: Implement IXMLDOMAttribute::put_nodeTypedValue().
0261	0261-msxml3-Give-the-namespace-manager-node-contexts-as-M.patch	668d2b908d6	msxml3: Give the namespace manager node contexts, as MSXML does.
0262	0262-msxml3-Check-a-QName-lookup-s-outputs-before-its-nam.patch	928261703cf	msxml3: Check a QName lookup's outputs before its name.
0263	0263-msxml3-Keep-the-prefixes-of-a-node-and-its-attribute.patch	9f44d36af74	msxml3: Keep the prefixes of a node and its attributes in a clone.
0264	0264-d3d11-d2d1-dxgi-wined3d-Drop-the-diagnostics-left-fr.patch	13e34b0c762	d3d11, d2d1, dxgi, wined3d: Drop the diagnostics left from the Office rendering work.
0265	0265-vbscript-Give-an-object-a-site-also-when-the-host-is.patch	35ec38312a0	vbscript: Give an object a site also when the host is no service provider.
0266	0266-msxml3-Take-an-msxsl-script-s-text-whether-it-is-in-.patch	374596064d1	msxml3: Take an msxsl:script's text whether it is in a CDATA section or not.
0267	0267-msxml3-Hold-a-transformation-to-its-stylesheet-s-All.patch	0ad7457f688	msxml3: Hold a transformation to its stylesheet's AllowXsltScript and AllowDocumentFunction.
0268	0268-msxml3-Let-MXXMLWriter-write-into-a-document-buildin.patch	bed9cc8149a	msxml3: Let MXXMLWriter write into a document, building it as the events come.
0269	0269-msxml3-Report-where-and-why-a-document-failed-to-loa.patch	d79220ef8ba	msxml3: Report where and why a document failed to load.
0270	0270-msxml3-Report-an-element-left-open-at-the-end-of-the.patch	ab20b983912	msxml3: Report an element left open at the end of the input as MSXML does.
0271	0271-kernelbase-Merge-the-user-s-classes-into-HKEY_CLASSE.patch	95f6465f05d	kernelbase: Merge the user's classes into HKEY_CLASSES_ROOT, as Windows does.
0272	0272-combase-ole32-Find-a-class-registered-for-the-user-b.patch	cb1615cfb25	combase, ole32: Find a class registered for the user before the machine's.
0273	0273-server-Give-the-user-s-classes-their-Windows-name-HK.patch	bbdefd5b287	server: Give the user's classes their Windows name, HKEY_USERS\<sid>_Classes.
0274	0274-windowscodecs-Write-GIF-metadata-block-writers-the-G.patch	d10f7e2b01b	windowscodecs: Write GIF metadata: block writers, the GIF metadata writers and SetMetadataByName().
0275	0275-mfplat-Close-a-file-byte-stream-s-file-in-Close.patch	81aa67a9414	mfplat: Close a file byte stream's file in Close().
0276	0276-winegstreamer-Let-the-media-sink-place-markers-and-a.patch	5e11d78685f	winegstreamer: Let the media sink place markers and ask for samples.
0277	0277-mfreadwrite-Encode-what-the-sink-writer-is-given-and.patch	b081dfdb7e5	mfreadwrite: Encode what the sink writer is given, and finalize the file.
0278	0278-ole32-Enumerate-CF_LOCALE-with-TYMED_HGLOBAL-TYMED_I.patch	0d76d176462	ole32: Enumerate CF_LOCALE with TYMED_HGLOBAL | TYMED_ISTREAM.
0279	0279-winex11-Do-not-exchange-ole32-s-session-bound-clipbo.patch	5e82c283607	winex11: Do not exchange ole32's session-bound clipboard formats with other X clients.
0280	0280-msctf-Find-a-thread-s-manager-by-thread-id-instead-o.patch	81f4766ed6c	msctf: Find a thread's manager by thread id instead of in a TLS slot.
0281	0281-kernel32-tests-Test-mutex-recursion-what-waits-for-a.patch	4c21922277c	kernel32/tests: Test mutex recursion, what waits for any and all objects take, and wait timeouts.
0282	0282-ntdll-Resolve-file-names-under-GLOBALROOT.patch	787780cec5d	ntdll: Resolve file names under \??\GLOBALROOT.
0283	0283-msxml3-Implement-IXMLDOMDocument3-importNode.patch	ac79fca1c5f	msxml3: Implement IXMLDOMDocument3::importNode().
0284	0284-services-Add-a-service-s-Environment-value-to-the-en.patch	8867c305c40	services: Add a service's Environment value to the environment it starts with.
0285	0285-wshom-Implement-WshShell.RegDelete.patch	edd14475ef0	wshom: Implement WshShell.RegDelete().
0286	0286-windowscodecs-Register-the-8bpp-alpha-pixel-format.patch	41dad6b2e83	windowscodecs: Register the 8bpp alpha pixel format.
0287	0287-opcservices-Keep-and-write-the-target-mode-of-a-rela.patch	5f40c9e4fad	opcservices: Keep and write the target mode of a relationship.
0288	0288-opcservices-Write-uncompressed-parts-as-stored-data-.patch	150196f130a	opcservices: Write uncompressed parts as stored data, and fix the ZIP64 records.
0289	0289-opcservices-Read-packages-and-implement-the-remainin.patch	2664d00f1dd	opcservices: Read packages, and implement the remaining stubs.
0290	0290-combase-Let-go-of-a-call-s-stub-in-the-apartment-bef.patch	470f228d187	combase: Let go of a call's stub in the apartment, before the caller is answered.
0291	0291-msvcp140_atomic_wait-Take-the-time-zone-database-fro.patch	4767ed24e22	msvcp140_atomic_wait: Take the time zone database from icu.dll, as Windows does.
0292	0292-wininet-Count-a-max-age-directive-in-seconds-not-in-.patch	892322b4990	wininet: Count a max-age directive in seconds, not in tenths of a second.
0293	0293-combase-Follow-a-ProgID-s-CurVer-to-the-version-that.patch	92ba8c57654	combase: Follow a ProgID's CurVer to the version that names a class.
0294	0294-ole32-Draw-an-enhanced-metafile-the-data-cache-holds.patch	e12cb12ee26	ole32: Draw an enhanced metafile the data cache holds.
0295	0295-ole32-Freeze-and-unfreeze-the-data-cache-s-presentat.patch	f70074d5910	ole32: Freeze and unfreeze the data cache's presentations.
0296	0296-ole32-Let-go-of-the-delegates-of-an-embedded-object-.patch	fd72a62e5d1	ole32: Let go of the delegates of an embedded object that never ran.
0297	0297-ole32-Run-an-embedded-object-to-update-it-and-name-o.patch	88ebf046b17	ole32: Run an embedded object to update it, and name one whose class is gone.
0298	0298-ole32-Answer-DV_E_CLIPFORMAT-for-data-of-no-format-t.patch	5d03968f760	ole32: Answer DV_E_CLIPFORMAT for data of no format the cache does not have.
0299	0299-kernelbase-Say-whether-the-calling-thread-holds-the-.patch	57b9863960c	kernelbase: Say whether the calling thread holds the loader lock.
0300	0300-kernel32-Answer-that-user-mode-CET-is-not-available.patch	744b33fc2fd	kernel32: Answer that user-mode CET is not available.
0301	0301-msvcp-Export-the-ids-of-the-money-facets-and-of-time.patch	927fd143d75	msvcp: Export the ids of the money facets and of time_get<unsigned short>.
0302	0302-ntdll-tests-Add-WaitCompletionPacket-object-tests.patch	331c8e93f82	ntdll/tests: Add WaitCompletionPacket object tests.
0303	0303-ntdll-tests-Add-NtCreateWaitCompletionPacket-tests.patch	52668bfe0fc	ntdll/tests: Add NtCreateWaitCompletionPacket() tests.
0304	0304-ntdll-tests-Add-NtAssociateWaitCompletionPacket-test.patch	9b28d85515d	ntdll/tests: Add NtAssociateWaitCompletionPacket() tests.
0305	0305-ntdll-tests-Add-NtCancelWaitCompletionPacket-tests.patch	afe85a943d5	ntdll/tests: Add NtCancelWaitCompletionPacket() tests.
0306	0306-ntdll-Implement-NtCreateWaitCompletionPacket.patch	34efe6a5778	ntdll: Implement NtCreateWaitCompletionPacket().
0307	0307-ntdll-Implement-NtAssociateWaitCompletionPacket.patch	44b25498e50	ntdll: Implement NtAssociateWaitCompletionPacket().
0308	0308-ntdll-Implement-NtCancelWaitCompletionPacket.patch	66ab5162507	ntdll: Implement NtCancelWaitCompletionPacket().
0309	0309-server-ntdll-Regenerate-the-requests-and-the-syscall.patch	e362c8d67e8	server, ntdll: Regenerate the requests and the syscall table for wait completion packets.
0310	0310-server-ntdll-Carry-wait-completion-packets-over-to-t.patch	b2a2c3a2472	server, ntdll: Carry wait completion packets over to the current object model.
0311	0311-shcore-Hand-out-feature-state-subscriptions-and-add-.patch	29402474190	shcore: Hand out feature state subscriptions and add the rest of the feature staging functions.
0312	0312-ntdll-Add-a-stub-for-NtAlpcQueryInformation.patch	621de5db085	ntdll: Add a stub for NtAlpcQueryInformation().
0313	0313-kernelbase-Add-GetPackagePath.patch	ae0db961222	kernelbase: Add GetPackagePath().
0314	0314-ntdll-Answer-that-the-buffer-is-too-small-for-a-toke.patch	d47827d46cf	ntdll: Answer that the buffer is too small for a token's privileges when their count does not fit.
0315	0315-server-ntdll-Impersonate-the-client-of-a-named-pipe-.patch	c33f0e5abb8	server, ntdll: Impersonate the client of a named pipe, as its quality of service asks.
0316	0316-advapi32-tests-A-desktop-s-security-descriptor-has-a.patch	7fdbebc6c9f	advapi32/tests: A desktop's security descriptor has a DACL now.
0317	0317-ntdll-Give-a-file-that-is-written-over-or-superseded.patch	0fe002371e1	ntdll: Give a file that is written over or superseded the attributes asked for.
0318	0318-ntdll-server-Take-FILE_WRITE_ATTRIBUTES-to-set-a-fil.patch	f7a53ea50c1	ntdll, server: Take FILE_WRITE_ATTRIBUTES to set a file's times and attributes, and keep attributes given as zero.
0319	0319-kernelbase-Refuse-to-truncate-a-file-opened-without-.patch	9865004435f	kernelbase: Refuse to truncate a file opened without GENERIC_WRITE.
0320	0320-kernelbase-Delete-files-and-directories-with-POSIX-s.patch	860a7441192	kernelbase: Delete files and directories with POSIX semantics, as Windows 10 does.
0321	0321-ntdll-Leave-the-status-block-as-it-was-when-setting-.patch	810201e3009	ntdll: Leave the status block as it was when setting file information fails.
0322	0322-ntdll-Check-the-buffer-given-to-NtSetInformationFile.patch	3f6fcdb50aa	ntdll: Check the buffer given to NtSetInformationFile as Windows does.
0323	0323-ntdll-Implement-setting-FileAllocationInformation.patch	617032dc896	ntdll: Implement setting FileAllocationInformation.
0324	0324-server-Keep-the-other-opens-of-a-renamed-file-on-its.patch	58a2b4b9c9b	server: Keep the other opens of a renamed file on its new name.
0325	0325-server-Refuse-to-rename-a-directory-with-anything-op.patch	10c765b0d3e	server: Refuse to rename a directory with anything open beneath it.
0326	0326-ntdll-Fail-an-empty-name-under-a-reparse-point-witho.patch	9e84686a870	ntdll: Fail an empty name under a reparse point without FILE_OPEN_REPARSE_POINT.
0327	0327-server-Share-a-file-s-delete-disposition-among-its-o.patch	90e6207cf33	server: Share a file's delete disposition among its opens by that name.
0328	0328-server-Report-named-pipes-as-pending-deletion.patch	b548f815190	server: Report named pipes as pending deletion.
0329	0329-kernel32-Write-a-profile-over-in-place.patch	3bf1e44b978	kernel32: Write a profile over in place.
0330	0330-ntdll-Refuse-to-write-over-a-hidden-or-system-file-w.patch	b6fe823b879	ntdll: Refuse to write over a hidden or system file without the same attributes.
0331	0331-ntdll-Report-the-file-mode-in-FileAllInformation.patch	33fc6e1a51d	ntdll: Report the file mode in FileAllInformation.
0332	0332-propsys-Convert-more-types-to-strings.patch	7aea0b649e4	propsys: Convert more types to strings.
0333	0333-kernelbase-Spell-a-normalized-final-path-as-the-file.patch	810a73fb6b5	kernelbase: Spell a normalized final path as the file is named on disk.
0334	0334-kernelbase-Report-progress-from-CopyFileEx-and-CopyF.patch	8c4fbcb7782	kernelbase: Report progress from CopyFileEx and CopyFile2, and let them be cancelled.
0335	0335-ntdll-Let-a-rename-change-only-the-case-of-a-name.patch	af7eaade98a	ntdll: Let a rename change only the case of a name.
0336	0336-server-Renaming-a-file-takes-DELETE-access.patch	4fbbaccd348	server: Renaming a file takes DELETE access.
0337	0337-kernelbase-Fail-FindFirstFile-on-a-missing-directory.patch	135383b022c	kernelbase: Fail FindFirstFile on a missing directory with ERROR_PATH_NOT_FOUND.
0338	0338-ntdll-Answer-a-directory-before-a-name-collision-whe.patch	f69ee6417cf	ntdll: Answer a directory before a name collision when creating a file.
0339	0339-server-Refuse-delete-on-close-for-an-existing-read-o.patch	2f48809f39b	server: Refuse delete on close for an existing read-only file whatever the disposition.
0340	0340-kernel32-Fill-in-OpenFile-s-structure-size-only-when.patch	48ebb1fb3da	kernel32: Fill in OpenFile's structure size only when it succeeds.
0341	0341-server-Fill-the-IOSB-of-a-request-that-fails-after-g.patch	942b332335d	server: Fill the IOSB of a request that fails after going pending on a synchronous file too.
0342	0342-server-Queue-no-completion-APC-for-a-synchronous-req.patch	a9d9f889432	server: Queue no completion APC for a synchronous request that fails.
0343	0343-ntdll-Cancel-a-synchronous-request-that-a-user-APC-i.patch	ccbf99e6335	ntdll: Cancel a synchronous request that a user APC interrupts, as Windows does.
0344	0344-ntdll-Run-no-user-APC-in-NtCancelIoFile.patch	43c6ddbb260	ntdll: Run no user APC in NtCancelIoFile().
0345	0345-win32u-Answer-for-input-already-waiting-before-an-al.patch	f0a05109336	win32u: Answer for input already waiting before an alertable wait in MsgWaitForMultipleObjectsEx().
0346	0346-server-Run-a-queued-user-APC-before-looking-at-what-.patch	10466164304	server: Run a queued user APC before looking at what an alertable wait waits for.
0347	0347-ntdll-Fill-in-the-access-flags-of-FileAllInformation.patch	ab29673f4e7	ntdll: Fill in the access flags of FileAllInformation.
0348	0348-wintrust-Replace-a-catalog-of-the-same-name-in-Crypt.patch	e2013cbd4c5	wintrust: Replace a catalog of the same name in CryptCATAdminAddCatalog().
0349	0349-setupapi-Fail-SetupDiInstallDevice-when-the-INF-cann.patch	2fc188de3d7	setupapi: Fail SetupDiInstallDevice() when the INF cannot be copied.
0350	0350-ntdll-Implement-ProcessCommandLineInformation.patch	62f0ae3fed1	ntdll: Implement ProcessCommandLineInformation.
0351	0351-wbemprox-Let-a-property-take-the-VARIANT-type-its-CI.patch	4c5a44386da	wbemprox: Let a property take the VARIANT type its CIM type is read back as.
0352	0352-wbemprox-Fill-in-the-command-line-of-other-processes.patch	bc47da1da6c	wbemprox: Fill in the command line of other processes in Win32_Process.
0353	0353-wbemprox-Implement-Win32_Process.Terminate.patch	79e1f953ebc	wbemprox: Implement Win32_Process.Terminate.
0354	0354-gdiplus-Widen-a-path-with-round-line-joins.patch	c39cf4eef40	gdiplus: Widen a path with round line joins.
0355	0355-combase-Keep-the-settings-of-IGlobalOptions-Set-for-.patch	bed742e3828	combase: Keep the settings of IGlobalOptions::Set for Query.
0356	0356-windowscodecs-Give-a-JPEG-frame-the-ICC-profile-of-i.patch	c492ee39ad3	windowscodecs: Give a JPEG frame the ICC profile of its APP2 markers as color context.
0357	0357-d2d1-Draw-the-DirectionalBlur-effect.patch	720bb9c2d36	d2d1: Draw the DirectionalBlur effect.
0358	0358-d2d1-Draw-sprite-batches-into-bitmap-targets.patch	a4c06915765	d2d1: Draw sprite batches into bitmap targets.
0359	0359-ntdll-Keep-Unix-names-in-UTF-8-in-the-C-and-POSIX-lo.patch	472074db427	ntdll: Keep Unix names in UTF-8 in the C and POSIX locales.
0360	0360-d3d11-Return-the-flags-a-device-was-created-with-fro.patch	b882c07cb50	d3d11: Return the flags a device was created with from GetCreationFlags().
0361	0361-dxgi-Hold-the-wined3d-lock-while-compositing-a-parti.patch	0f3e65254aa	dxgi: Hold the wined3d lock while compositing a partial present.
0362	0362-dxgi-Implement-CreateSwapChainForComposition-for-Dir.patch	ef9ba6981c8	dxgi: Implement CreateSwapChainForComposition() for Direct3D 11 devices.
0363	0363-dcomp-Implement-ICompositorInterop-CreateComposition.patch	9481b7f671c	dcomp: Implement ICompositorInterop::CreateCompositionSurfaceForSwapChain().
0364	0364-d2d1-Keep-nearest-neighbour-s-sampler-to-nearest-nei.patch	42a2c8c7f00	d2d1: Keep nearest neighbour's sampler to nearest neighbour.
0365	0365-d3d11-Implement-CreateDirect3D11DeviceFromDXGIDevice.patch	a95c35c8f96	d3d11: Implement CreateDirect3D11DeviceFromDXGIDevice() and CreateDirect3D11SurfaceFromDXGISurface().
0366	0366-dcomp-Draw-visuals-into-the-buffers-of-captures-of-t.patch	d1d695b703d	dcomp: Draw visuals into the buffers of captures of them.
0367	0367-graphicscapture-Capture-composition-visuals.patch	8547818da89	graphicscapture: Capture composition visuals.
0368	0368-dcomp-Finish-a-suspended-draw-when-the-same-surface-.patch	a0ca7dc3d6d	dcomp: Finish a suspended draw when the same surface begins another.
0369	0369-mfsensorgroup-Add-the-DLL-with-a-sensor-activity-mon.patch	26e393810d2	mfsensorgroup: Add the DLL, with a sensor activity monitor.
0370	0370-widl-Skip-the-empty-arms-of-a-union-in-a-type-librar.patch	cc240a57fe9	widl: Skip the empty arms of a union in a type library.
0371	0371-include-Make-msinkaut.idl-match-the-Tablet-PC-SDK.patch	fc7bcc8645e	include: Make msinkaut.idl match the Tablet PC SDK.
0372	0372-inkobj-Implement-ink-strokes-the-renderer-and-their-.patch	24583d3691c	inkobj: Implement ink, strokes, the renderer and their helpers.
0373	0373-inkobj-Let-a-stroke-grow-for-rtscom-s-stroke-builder.patch	a796eaf7a03	inkobj: Let a stroke grow, for rtscom's stroke builder.
0374	0374-rtscom-Take-a-window-s-mouse-input-as-a-stylus-and-b.patch	a8924937b75	rtscom: Take a window's mouse input as a stylus, and build strokes from it.
0375	0375-inkobj-Keep-the-metrics-of-each-packet-property-of-a.patch	ec3252a82a1	inkobj: Keep the metrics of each packet property of a stroke.
0376	0376-rtscom-Give-strokes-their-metrics-and-leave-a-dying-.patch	c4de46fa2b0	rtscom: Give strokes their metrics, and leave a dying stylus alone.
0377	0377-inkobj-Save-and-load-Ink-Serialized-Format.patch	e68dde2b175	inkobj: Save and load Ink Serialized Format.
0378	0378-rpcrt4-Read-a-named-pipe-message-whole-into-a-buffer.patch	1b3b61ac49b	rpcrt4: Read a named pipe message whole into a buffer.
0379	0379-server-Report-the-mailslot-device-in-FileFsDeviceInf.patch	e9656ea7fdd	server: Report the mailslot device in FileFsDeviceInformation.
0380	0380-kernelbase-Return-FILE_TYPE_UNKNOWN-without-an-error.patch	590d53368fb	kernelbase: Return FILE_TYPE_UNKNOWN without an error for a mailslot in GetFileType().
0381	0381-server-ntdll-Wait-for-in-process-targets-of-wait-com.patch	a9b9357d704	server, ntdll: Wait for in-process targets of wait completion packets in a helper thread.
0382	0382-server-Keep-an-owned-in-process-mutex-until-nobody-o.patch	48abe3865eb	server: Keep an owned in-process mutex until nobody owns it.
0383	0383-windowscodecs-Interpolate-in-the-bitmap-scaler-s-lin.patch	0e70a3a4cc4	windowscodecs: Interpolate in the bitmap scaler's linear, cubic, Fant and high quality cubic modes.
0384	0384-d2d1-Average-what-a-pixel-covers-of-a-reduced-bitmap.patch	7ee18d453ad	d2d1: Average what a pixel covers of a reduced bitmap in the modes that do not alias.
0385	0385-server-Scale-negative-coordinates-between-DPIs-corre.patch	c4d4bdd1b0c	server: Scale negative coordinates between DPIs correctly.
0386	0386-server-Keep-child-windows-at-their-top-level-window-.patch	c695accbc9c	server: Keep child windows at their top-level window's DPI.
0387	0387-win32u-Pack-WM_DPICHANGED-s-rectangle-for-other-proc.patch	06b8c9e5f7c	win32u: Pack WM_DPICHANGED's rectangle for other processes.
0388	0388-win32u-Tell-per-monitor-aware-windows-when-their-mon.patch	25e898b9212	win32u: Tell per-monitor aware windows when their monitor's DPI changes.
0389	0389-winex11-Take-the-monitors-DPI-from-the-desktop-s-Xft.patch	a8752004a2f	winex11: Take the monitors' DPI from the desktop's Xft.dpi.
0390	0390-vbscript-Support-GetObject-with-a-class-name.patch	c04dee5c5c7	vbscript: Support GetObject with a class name.
0391	0391-winex11-Take-a-desktop-without-Xft.dpi-as-96-DPI.patch	ec47e2ec5ca	winex11: Take a desktop without Xft.dpi as 96 DPI.
0392	0392-setupapi-Register-only-Wine-s-own-modules-for-WineRe.patch	16ff2b54d0c	setupapi: Register only Wine's own modules for WineRegisterDlls; use it in wine.inf.
0393	0393-services-Wait-30-seconds-for-a-service-to-start-and-.patch	a13ce4cc6af	services: Wait 30 seconds for a service to start, and read ServicesPipeTimeout as a DWORD.
0394	0394-services-Start-auto-start-services-in-the-order-Serv.patch	ea01f929bf2	services: Start auto-start services in the order ServiceGroupOrder gives their groups.
0395	0395-wine.inf-Start-the-RPC-server-automatically-first-in.patch	9a5770b21fc	wine.inf: Start the RPC server automatically, first, in "COM Infrastructure".
0396	0396-server-Implement-setting-the-session-of-a-token.patch	3156e3eccde	server: Implement setting the session of a token.
0397	0397-kernel32-Return-the-session-on-the-screen-from-WTSGe.patch	8183fdf90b8	kernel32: Return the session on the screen from WTSGetActiveConsoleSessionId.
0398	0398-server-Keep-window-stations-to-their-session.patch	349d3e1c0ae	server: Keep window stations to their session.
0399	0399-win32u-Treat-the-processes-of-session-0-as-services.patch	2d4d291d827	win32u: Treat the processes of session 0 as services.
0400	0400-winsta-Implement-WinStationEnumerateW-and-WinStation.patch	bdbbb3d93ce	winsta: Implement WinStationEnumerateW and WinStationBroadcastSystemMessage.
0401	0401-mountmgr-plugplay-Tell-every-session-about-a-device-.patch	adeb49642bd	mountmgr, plugplay: Tell every session about a device change.
0402	0402-wtsapi32-List-session-0-and-give-a-service-the-user-.patch	1394aa85d14	wtsapi32: List session 0, and give a service the user's token for the user's session.
0403	0403-include-Make-the-event-telling-services.exe-has-star.patch	4cff0670342	include: Make the event telling services.exe has started a global one.
0404	0404-wineboot-Start-services.exe-in-session-0.patch	839c6bd5d56	wineboot: Start services.exe in session 0.
0405	0405-wineboot-Do-not-start-a-second-services.exe.patch	df06b83b359	wineboot: Do not start a second services.exe.
0406	0406-ntdll-Do-not-follow-the-host-s-symbolic-links-in-a-n.patch	543db1f2a64	ntdll: Do not follow the host's symbolic links in a normalized file name.
0407	0407-kernelbase-Name-the-drive-of-a-normalized-final-path.patch	433107d7b6d	kernelbase: Name the drive of a normalized final path in upper case.
0408	0408-wininet-Cache-a-response-with-an-Expires-that-is-not.patch	788f3ad8d53	wininet: Cache a response with an Expires that is not a date as expired.
0409	0409-crypt32-Pass-over-the-roots-not-from-the-host-quietl.patch	c3f34df25ae	crypt32: Pass over the roots not from the host quietly when checking new ones.
0410	0410-crypt32-Use-a-global-name-for-the-semaphore-of-the-r.patch	40b34007914	crypt32: Use a global name for the semaphore of the root store import.
0411	0411-fusion-Use-a-global-name-for-the-mutex-of-the-assemb.patch	517d965bbd6	fusion: Use a global name for the mutex of the assembly cache.
0412	0412-sxs-Use-a-global-name-for-the-mutex-of-the-side-by-s.patch	3bb5678f950	sxs: Use a global name for the mutex of the side-by-side assembly cache.
0413	0413-winspool-Use-a-global-name-for-the-mutex-of-the-prin.patch	3fd36d76819	winspool: Use a global name for the mutex of the printer initialization.
0414	0414-include-Add-wscapi.h-and-iwscapi.idl.patch	819f87b7db2	include: Add wscapi.h and iwscapi.idl.
0415	0415-wscapi-Add-the-DLL-reporting-the-host-s-ClamAV-as-th.patch	fad6290ba0e	wscapi: Add the DLL, reporting the host's ClamAV as the antivirus.
0416	0416-wbemprox-Implement-the-product-classes-of-root-Secur.patch	f2d89bbfef1	wbemprox: Implement the product classes of root\SecurityCenter2.
0417	0417-combase-Return-the-in-process-server-s-answer-when-n.patch	7e427019489	combase: Return the in-process server's answer when no other context has the class.
0418	0418-wscapi-Answer-the-way-Windows-11-does-where-it-was-m.patch	f7c9b708c7a	wscapi: Answer the way Windows 11 does where it was measured.
0419	0419-wbemprox-Leave-products-without-a-GUID-out-of-the-Se.patch	e8014cd62e0	wbemprox: Leave products without a GUID out of the Security Center classes.
0420	0420-rtworkq-Have-work-queue-threads-join-an-apartment-as.patch	d0fe4f99555	rtworkq: Have work queue threads join an apartment, as Windows's do.
0421	0421-mfsensorgroup-Check-COM-and-Media-Foundation-first-a.patch	875468eac44	mfsensorgroup: Check COM and Media Foundation first, as Windows 11 does.
0422	0422-inkobj-Box-strokes-and-give-default-metrics-as-Windo.patch	777b10abe96	inkobj: Box strokes and give default metrics as Windows 11 does.
0423	0423-rtscom-The-stroke-builder-is-an-asynchronous-plugin-.patch	52fec785cf4	rtscom: The stroke builder is an asynchronous plugin only.
0424	0424-wbemdisp-Implement-SWbemProperty-s-IsArray-and-give-.patch	43067356472	wbemdisp: Implement SWbemProperty's IsArray, and give an array the type of its elements.
0425	0425-wscapi-Export-the-identifiers-register-the-ProgIDs-a.patch	b6b8e8eafbf	wscapi: Export the identifiers, register the ProgIDs, and answer as Windows 11 does.
0426	0426-wbemprox-Add-Windows-XP-s-root-SecurityCenter-which-.patch	be7fbefa02f	wbemprox: Add Windows XP's root\SecurityCenter, which Windows 11 still has.
0427	0427-rtscom-Take-only-free-threaded-synchronous-plugins-a.patch	590a36abb40	rtscom: Take only free-threaded synchronous plugins, and answer as Windows 11 does.
0428	0428-dcomp-Keep-a-composition-drawing-surface-s-draw-stat.patch	fd31dbc7e9b	dcomp: Keep a composition drawing surface's draw states as Windows 11 does.
0429	0429-inkobj-Load-save-scale-and-box-ink-as-Windows-11-doe.patch	ae151e0551b	inkobj: Load, save, scale and box ink as Windows 11 does.
0430	0430-inkobj-Save-base64-as-a-string-and-load-strings-as-W.patch	21e1d9a334a	inkobj: Save base64 as a string, and load strings, as Windows 11 does.
0431	0431-rtscom-Raise-stylus-events-and-build-strokes-as-Wind.patch	3d44cbb7214	rtscom: Raise stylus events and build strokes as Windows 11 does for the mouse.
0432	0432-dcomp-Answer-GetRuntimeClassName-on-activation-facto.patch	c69f862810d	dcomp: Answer GetRuntimeClassName on activation factories as WRL does.
0433	0433-crypt32-Report-the-end-of-the-data-for-a-DER-length-.patch	713e18867e1	crypt32: Report the end of the data for a DER length past it.
0434	0434-crypt32-Count-the-elements-an-array-skips-as-decoded.patch	d3dd4cb25a6	crypt32: Count the elements an array skips as decoded.
0435	0435-crypt32-Decode-a-UTF8String-into-the-room-it-was-siz.patch	50fc10828c7	crypt32: Decode a UTF8String into the room it was sized for.
0436	0436-crypt32-Read-a-GeneralizedTime-s-fraction-of-a-secon.patch	467ba816b60	crypt32: Read a GeneralizedTime's fraction of a second as milliseconds.
0437	0437-crypt32-Decode-and-encode-RFC-3161-time-stamp-struct.patch	5b5585b52b4	crypt32: Decode and encode RFC 3161 time stamp structures.
0438	0438-crypt32-Hash-the-value-of-a-signed-message-s-content.patch	97cdb051ea9	crypt32: Hash the value of a signed message's content, and check it is what was signed.
0439	0439-crypt32-Implement-CryptMsgVerifyCountersignatureEnco.patch	a207891fdf6	crypt32: Implement CryptMsgVerifyCountersignatureEncoded(Ex).
0440	0440-crypt32-Implement-CryptVerifyTimeStampSignature.patch	31282ded1a9	crypt32: Implement CryptVerifyTimeStampSignature.
0441	0441-wintrust-Verify-a-signature-with-no-time-stamp-as-of.patch	c97d406043f	wintrust: Verify a signature with no time stamp as of when WinVerifyTrust was called.
0442	0442-wintrust-Keep-a-signer-s-time-stamps-as-counter-sign.patch	bcb036413d2	wintrust: Keep a signer's time stamps as counter signers, and verify it as of the first that holds.
0443	0443-wintrust-Check-the-Authenticode-policy-for-certifica.patch	15bee90c4c8	wintrust: Check the Authenticode policy for certificates signed with SHA-256.
0444	0444-dcomp-Ease-a-key-frame-inserted-with-no-easing-funct.patch	d15b4fe57f7	dcomp: Ease a key frame inserted with no easing function out, as Windows does.
0445	0445-dcomp-Coast-overshoot-and-clamp-an-InteractionTracke.patch	1be4636a599	dcomp: Coast, overshoot and clamp an InteractionTracker as Windows does.
0446	0446-wmiutils-Give-a-path-s-keys-their-types-and-implemen.patch	1a7448f06a0	wmiutils: Give a path's keys their types, and implement its key list as Windows does.
0447	0447-wbemprox-Give-paths-classes-and-query-results-what-W.patch	047f40482c4	wbemprox: Give paths, classes and query results what Windows gives them.
0448	0448-wbemdisp-Implement-SWbemObjectPath-named-values-and-.patch	dd7223b8fdb	wbemdisp: Implement SWbemObjectPath, named values and privileges as Windows has them.
0449	0449-advapi32-Implement-LookupPrivilegeDisplayName-and-kn.patch	1691844b292	advapi32: Implement LookupPrivilegeDisplayName, and know the privileges Windows 11 has.
0450	0450-wmiutils-Give-WMI-s-status-codes-Windows-text-and-th.patch	d448da27eee	wmiutils: Give WMI's status codes Windows' text, and their facilities their names.
0451	0451-vbscript-Pass-on-the-error-of-the-object-that-parsed.patch	03a5fa72a6e	vbscript: Pass on the error of the object that parsed GetObject's name, and of a factory under cscript.
0452	0452-wbemdisp-Name-the-scripting-objects-classes-and-tell.patch	f89ebb6dc4a	wbemdisp: Name the scripting objects' classes, and tell a script why a call failed, as Windows does.
0453	0453-ntdll-Treat-file-names-attributes-and-supersede-as-W.patch	f793f41b3f9	ntdll: Treat file names, attributes and supersede as Windows 11 does.
0454	0454-msspellcheckingfacility-Add-the-Windows-spell-checki.patch	b9b7b0cf540	msspellcheckingfacility: Add the Windows spell checking API, with the host's Hunspell dictionaries.
0455	0455-msspellcheckingfacility-A-word-repeating-a-wrong-one.patch	eafc047d3e6	msspellcheckingfacility: A word repeating a wrong one is no repetition, and IsSupported clears its answer.
0456	0456-kernelbase-Give-RegQueryInfoKey-the-key-s-security-s.patch	27f2ce4e456	kernelbase: Give RegQueryInfoKey the key's security size, and leave a class buffer of no size alone.
0457	0457-nsiproxy-Report-interfaces-without-a-carrier-as-down.patch	e09d3162a2e	nsiproxy: Report interfaces without a carrier as down, and changes of links and routes.
0458	0458-iphlpapi-Implement-the-MIB-change-notifications-Noti.patch	9e9bdc8a885	iphlpapi: Implement the MIB change notifications, NotifyStableUnicastIpAddressTable and GetIpNetEntry2.
0459	0459-netprofm-Keep-networks-as-profiles-connections-as-th.patch	f4d710ce431	netprofm: Keep networks as profiles, connections as the interfaces up, and tell sinks what changes.
0460	0460-kernelbase-Keep-Application-Restart-and-Recovery-and.patch	bb31777deab	kernelbase: Keep Application Restart and Recovery and the WER registrations as Windows 11 keeps them, and act on them when the process crashes.
0461	0461-ntdll-Implement-FileProcessIdsUsingFileInformation.patch	98803504724	ntdll: Implement FileProcessIdsUsingFileInformation.
0462	0462-rstrtmgr-Implement-the-Restart-Manager.patch	b8b7f7ceb03	rstrtmgr: Implement the Restart Manager.
0463	0463-netprofm-Register-the-network-list-interfaces-as-Win.patch	d10562c0f42	netprofm: Register the network list interfaces as Windows does, so that their sinks can be marshaled.
0464	0464-d3d11-Answer-every-feature-Windows-11-knows-of-as-it.patch	a6daaa86d87	d3d11: Answer every feature Windows 11 knows of, as it does, and only those.
0465	0465-dxgi-Give-GDI-only-the-dirty-rectangle-of-a-surface-.patch	463366a2aa3	dxgi: Give GDI only the dirty rectangle of a surface, start a discarding GetDC on nothing, and fail as Windows does.
0466	0466-d2d1-Hand-out-a-GDI-DC-only-while-drawing-refuse-str.patch	ec7725b3b51	d2d1: Hand out a GDI DC only while drawing, refuse straight alpha for surface targets, and draw ClearType by default only on opaque targets.
0467	0467-dwrite-Give-Windows-11-s-default-rendering-parameter.patch	def8696cc26	dwrite: Give Windows 11's default rendering parameters, and a monitor's own settings for CreateMonitorRenderingParams.
0468	0468-netprofm-Name-the-cost-interfaces-proxy-class-as-Win.patch	ef7514d660d	netprofm: Name the cost interfaces' proxy class as Windows does.
0469	0469-user32-Answer-the-pointer-device-functions-as-Window.patch	81a8e75682b	user32: Answer the pointer device functions as Windows does on a machine with no touch screen, pen or touchpad.
0470	0470-webservices-Fault-the-reader-on-malformed-input-and-.patch	4665cc0487c	webservices: Fault the reader on malformed input, and give WS_ERROR the strings Windows gives it.
0471	0471-webservices-Honour-an-SSL-transport-security-binding.patch	899d75086a4	webservices: Honour an SSL transport security binding, from a security description or an SSL binding template.
0472	0472-include-Add-evntcons.h-the-tracing-definitions-evntr.patch	47fe5a67750	include: Add evntcons.h, the tracing definitions evntrace.h and evntprov.h lacked, and ntdll's session functions.
0473	0473-ntdll-sechost-advapi32-Keep-the-event-tracing-sessio.patch	a50a0f83049	ntdll, sechost, advapi32: Keep the event tracing sessions of a process, as Windows 11 does.
0474	0474-ntdll-Give-the-performance-information-of-Windows-10.patch	1769563ceca	ntdll: Give the performance information of Windows 10 and later, and the power capabilities of the machine.
0475	0475-server-ntdll-kernelbase-Keep-a-process-s-mitigation-.patch	4de931ff1fe	server, ntdll, kernelbase: Keep a process's mitigation policies in the server, and those it is created with.
0476	0476-ntdll-Run-the-work-of-persistent-threads-on-a-thread.patch	260b1e656d6	ntdll: Run the work of persistent threads on a thread of its own.
0477	0477-ntdll-kernelbase-sechost-Create-change-convert-and-q.patch	7c015033570	ntdll, kernelbase, sechost: Create, change, convert and query private object security as Windows 11 does.
0478	0478-ntdll-kernelbase-Give-files-the-short-names-SetFileS.patch	997390e9632	ntdll, kernelbase: Give files the short names SetFileShortName gives them.
0479	0479-kernelbase-Load-a-library-that-asks-for-a-signed-tar.patch	e3fe7b4e19b	kernelbase: Load a library that asks for a signed target as Windows 11 does.
0480	0480-kernelbase-ntdll-The-precise-interrupt-times-and-wai.patch	2aadae0e8ae	kernelbase, ntdll: The precise interrupt times, and waitable timers with a wake context.
0481	0481-kernelbase-The-package-id-of-a-process-that-has-none.patch	8f2ebfced41	kernelbase: The package id of a process that has none, and version information in the user's language.
0482	0482-ntdll-The-extended-information-of-a-heap.patch	f1cbb7fb3f6	ntdll: The extended information of a heap.
0483	0483-msctf-Input-scopes-of-windows-edit-transactions-and-.patch	00b96da05bd	msctf: Input scopes of windows, edit transactions and the termination of no composition.
0484	0484-propsys-Convert-arrays-and-blobs-to-strings.patch	683457a013c	propsys: Convert arrays and blobs to strings.
0485	0485-netapi32-wkscli-The-join-information-of-a-machine-in.patch	3cc3212dc0c	netapi32, wkscli: The join information of a machine in a workgroup.
0486	0486-winhttp-Check-the-IPv6-fast-fallback-option.patch	04cd68bf600	winhttp: Check the IPv6 fast fallback option.
0487	0487-wbemprox-Keep-the-blanket-of-the-services-proxy.patch	09a5118ef4a	wbemprox: Keep the blanket of the services' proxy.
0488	0488-combase-Answer-activation-as-Windows-11-does-and-say.patch	4505bea391c	combase: Answer activation as Windows 11 does, and say what is not supported.
0489	0489-oleaut32-OaBuildVersion-of-Windows-10-and-later.patch	2fca1686956	oleaut32: OaBuildVersion of Windows 10 and later.
0490	0490-xmllite-The-properties-of-the-reader-and-the-writer-.patch	fafd6c93b54	xmllite: The properties of the reader and the writer, and ending elements as Windows 11 does.
0491	0491-win32u-Create-debug-OpenGL-contexts.patch	eeb1ed6e0cb	win32u: Create debug OpenGL contexts.
0492	0492-rpcrt4-Enable-idle-cleanup-without-a-FIXME.patch	cfc13a43eb2	rpcrt4: Enable idle cleanup without a FIXME.
0493	0493-wined3d-Say-what-is-lost-only-when-something-is.patch	bb03d5ef1f6	wined3d: Say what is lost only when something is.
0494	0494-msvcrt-Keep-the-names-of-a-module-s-type_info-object.patch	dabb9001599	msvcrt: Keep the names of a module's type_info objects in its list.
0495	0495-msxml3-Answer-other-interfaces-of-the-SAX-reader-wit.patch	be3d7087427	msxml3: Answer other interfaces of the SAX reader with a WARN.
0496	0496-loader-The-license-values-Windows-11-has-for-the-pro.patch	092695ca9df	loader: The license values Windows 11 has for the product, processors, containers and genuine status.
0497	0497-kernelbase-A-known-DLL-asked-for-a-signed-target-is-.patch	76330542b0c	kernelbase: A known DLL asked for a signed target is refused as one found.
0498	0498-wined3d-Present-nothing-to-a-window-that-is-gone.patch	570c0ce5820	wined3d: Present nothing to a window that is gone.
0499	0499-ntdll-A-heap-s-performance-figures-and-all-heaps-tog.patch	ff3e396cb2d	ntdll: A heap's performance figures, and all heaps together.
0500	0500-wininet-Send-secure-cookies-over-secure-connections-.patch	0218cccc3e6	wininet: Send secure cookies over secure connections only, and take SameSite.
0501	0501-msvcrt-Take-an-unset-FH4-catch-state-for-none-as-thr.patch	673b63e4c79	msvcrt: Take an unset FH4 catch state for none, as threads have at process exit.
0502	0502-combase-Take-no-reference-of-its-own-for-an-object-s.patch	0ab0953efa8	combase: Take no reference of its own for an object's IUnknown stub, and keep a delayed agile reference's object.
0503	0503-combase-ole32-Release-marshal-data-of-a-disconnected.patch	696cbe39224	combase, ole32: Release marshal data of a disconnected object quietly, and drop its running object table entry.
0504	0504-ole32-Hold-a-global-interface-table-entry-s-interfac.patch	6f9748683d6	ole32: Hold a global interface table entry's interface, and marshal it for other apartments when they ask.
0505	0505-advapi32-Keep-the-classic-event-logs-in-files-shared.patch	886d72dfbf5	advapi32: Keep the classic event logs, in files shared by every process.
0506	0506-ntdll-Skip-threads-without-a-TEB-or-that-have-exited.patch	9f4b719565b	ntdll: Skip threads without a TEB, or that have exited, when allocating a TLS slot in every thread.
0507	0507-netevent-Add-the-messages-of-the-Event-log-service-s.patch	c262aad3d0d	netevent: Add the messages of the Event log service's events.
0508	0508-wevtapi-Query-subscribe-to-render-and-format-the-cla.patch	cc575565116	wevtapi: Query, subscribe to, render and format the classic event logs.
0509	0509-d2d1-Copy-into-bitmaps-and-clear-them-with-a-context.patch	86dae43b2ac	d2d1: Copy into bitmaps and clear them with a context state of its own.
0510	0510-dcomp-Make-its-own-copies-and-clears-with-a-context-.patch	8a881bece9e	dcomp: Make its own copies and clears with a context state of its own.
0511	0511-dxgi-Copy-a-composition-swapchain-s-buffer-with-a-co.patch	0342319b072	dxgi: Copy a composition swapchain's buffer with a context state of its own.
0512	0512-mfplat-Copy-a-DXGI-surface-buffer-with-a-context-sta.patch	cfa63f9a89d	mfplat: Copy a DXGI surface buffer with a context state of its own.
0513	0513-mfmediaengine-Transfer-frames-with-a-context-state-o.patch	435a78fa89b	mfmediaengine: Transfer frames with a context state of its own.
0514	0514-d3d11-Drop-the-calls-of-the-interface-the-active-con.patch	43339ce9dba	d3d11: Drop the calls of the interface the active context state does not emulate.
0515	0515-include-Add-windows.foundation.diagnostics.idl.patch	04c80c52c27	include: Add windows.foundation.diagnostics.idl.
0516	0516-combase-Implement-Windows.Foundation.Diagnostics.Asy.patch	3589473268a	combase: Implement Windows.Foundation.Diagnostics.AsyncCausalityTracer.
0517	0517-ole32-Warn-not-err-about-a-window-that-is-gone-in-Re.patch	e996f4ad894	ole32: Warn, not err, about a window that is gone in RegisterDragDrop and RevokeDragDrop.
0518	0518-msxml3-Warn-not-err-about-an-interface-the-MXXMLWrit.patch	d71573adee6	msxml3: Warn, not err, about an interface the MXXMLWriter has not got.
0519	0519-mfplat-Wait-for-a-D3D12-surface-buffer-s-copies-befo.patch	fbff0a5a7a1	mfplat: Wait for a D3D12 surface buffer's copies before releasing it.
0520	0520-ntdll-Check-a-name-s-drive-and-elements-in-Windows-o.patch	4d7e5cfea14	ntdll: Check a name's drive and elements in Windows' order.
0521	0521-combase-Implement-RoGetParameterizedTypeInstanceIID.patch	c645e671272	combase: Implement RoGetParameterizedTypeInstanceIID.
0522	0522-ntdll-kernelbase-Answer-the-leap-second-information-.patch	561b5f519c4	ntdll, kernelbase: Answer the leap second information as Windows 11 does.
0523	0523-rasapi32-Enumerate-no-connections-and-validate-the-a.patch	f870e871d0d	rasapi32: Enumerate no connections and validate the arguments as Windows does.
0524	0524-userenv-Implement-LoadUserProfile-UnloadUserProfile-.patch	7aedff067fb	userenv: Implement LoadUserProfile, UnloadUserProfile and GetProfileType.
0525	0525-server-Correct-default-token-owners-and-owner-access.patch	5807145cef4	server: Correct default token owners and owner access rights.
0526	0526-combase-Track-default-process-security-and-report-lo.patch	a50f8b1b8be	combase: Track default process security and report local proxy blankets.
0527	0527-rpcrt4-Check-interface-descriptors-against-maximum-a.patch	ada7777e5e6	rpcrt4: Check interface descriptors against maximum available rights.
0528	0528-xml2-Keep-entity-declarations-in-the-common-node-lay.patch	a3e23b62b7f	xml2: Keep entity declarations in the common node layout.
0529	0529-mountmgr-Query-backing-storage-attributes-and-match-.patch	f7832cb392c	mountmgr: Query backing storage attributes and match descriptor buffers.
0530	0530-msxml3-Apply-parser-selection-and-DTD-schema-validat.patch	b160c3b0494	msxml3: Apply parser selection and DTD/schema validation during loading.
0531	0531-bcrypt-Query-the-configured-FIPS-policy-instead-of-r.patch	8a2bb5adb3b	bcrypt: Query the configured FIPS policy instead of returning a constant.
0532	0532-crypt32-Match-native-certificate-link-dispositions-a.patch	1c0beceecab	crypt32: Match native certificate link dispositions and properties.
0533	0533-ws2_32-Handle-FQDN-queries-and-native-numeric-addres.patch	2bde449469a	ws2_32: Handle FQDN queries and native numeric address metadata.
0534	0534-webservices-winhttp-Cancel-active-request-I-O-before.patch	9e29d3898dc	webservices, winhttp: Cancel active request I/O before waiting for call locks.
0535	0535-winex11.drv-Keep-a-mapped-override-redirect-window-u.patch	e9be6140953	winex11.drv: Keep a mapped override-redirect window unmanaged when it is only activated.
0536	0536-d2d1-Compile-the-shape-shaders-once-per-process.patch	8b24432f92e	d2d1: Compile the shape shaders once per process.
0537	0537-msxml3-Do-not-use-the-count-a-failed-stream-Read-lef.patch	9b72583d2b6	msxml3: Do not use the count a failed stream Read left unset.
0538	0538-win32u-dwmapi-Round-the-corners-a-window-asks-for-wi.patch	13af402977c	win32u, dwmapi: Round the corners a window asks for with DWMWA_WINDOW_CORNER_PREFERENCE.
0539	0539-windows.web-Implement-the-rest-of-Windows.Data.Json.patch	6cef8b4f04e	windows.web: Implement the rest of Windows.Data.Json.
0540	0540-dcomp-Implement-DirectComposition-devices-with-visua.patch	1b0ac62bb2f	dcomp: Implement DirectComposition devices, with visuals other processes compose into.
0541	0541-windows.ui-Read-the-scrollbar-and-transparency-setti.patch	18800d64786	windows.ui: Read the scrollbar and transparency settings of the user.
0542	0542-win32u-dwmapi-Draw-the-border-of-round-corners-in-DW.patch	dc64c3f9fb8	win32u, dwmapi: Draw the border of round corners in DWMWA_BORDER_COLOR.
0543	0543-windows.web-Make-Windows.Data.Json-behave-as-on-Wind.patch	132f61412fa	windows.web: Make Windows.Data.Json behave as on Windows 11.
0544	0544-msxml3-Refuse-to-import-a-document-doctype-entity-or.patch	361f375c387	msxml3: Refuse to import a document, doctype, entity or notation with E_INVALIDARG.
0545	0545-msxml3-Load-from-streams-and-documents-as-Windows-do.patch	70197f2e665	msxml3: Load from streams and documents as Windows does.
0546	0546-win32u-Tell-the-driver-the-shape-of-a-new-window-sur.patch	6235b9e06eb	win32u: Tell the driver the shape of a new window surface at least once, even if it has none.
0547	0547-win32u-Restack-the-popups-of-other-threads-asynchron.patch	d0e9284e955	win32u: Restack the popups of other threads asynchronously when their owner moves.
0548	0548-win32u-Forget-the-owner-of-another-process-s-window-.patch	1de0dc928da	win32u: Forget the owner of another process's window when the owner is destroyed.
0549	0549-win32u-server-Read-and-set-the-placement-of-other-pr.patch	7c86d99d82a	win32u, server: Read and set the placement of other processes' windows.
0550	0550-windows.web-Iterate-over-the-members-of-a-JsonObject.patch	5862cbec5b4	windows.web: Iterate over the members of a JsonObject in the order Windows does.
0551	0551-msxml3-End-the-reader-s-buffer-where-its-data-ends-a.patch	f943304d0da	msxml3: End the reader's buffer where its data ends after moving or growing it.
0552	0552-msxml3-Report-broken-documents-where-and-as-Windows-.patch	29dd3a40a14	msxml3: Report broken documents where and as Windows does.
0553	0553-msxml3-Return-E_ACCESSDENIED-from-load-when-the-stre.patch	bc4d55d3ccb	msxml3: Return E_ACCESSDENIED from load() when the stream denies access.
0554	0554-msxml3-Wait-for-a-stream-that-has-no-data-yet-as-Win.patch	d3a2b898381	msxml3: Wait for a stream that has no data yet as Windows does.
0555	0555-msxml3-Offer-IXMLDOMDocument3-only-in-MSXML-6.0.patch	37ad0e3e213	msxml3: Offer IXMLDOMDocument3 only in MSXML 6.0.
0556	0556-msxml3-Link-the-attribute-declarations-of-each-eleme.patch	72207003cd2	msxml3: Link the attribute declarations of each element in the DTD validation uses.
0557	0557-msxml3-Report-DTD-validation-errors-with-the-codes-M.patch	e7a811081f3	msxml3: Report DTD validation errors with the codes MSXML gives them.
0558	0558-msxml3-Name-what-may-not-follow-the-root-element-as-.patch	56757fe71dc	msxml3: Name what may not follow the root element as Windows does.
0559	0559-msxml3-Report-DTD-validation-errors-where-the-reader.patch	452c34eb44f	msxml3: Report DTD validation errors where the reader meets them, as Windows does.
0560	0560-win32u-Set-the-owner-of-another-process-s-window-wit.patch	a7ee2db407f	win32u: Set the owner of another process's window without waiting for its thread.
0561	0561-win32u-Report-WPF_RESTORETOMAXIMIZED-as-Windows-does.patch	9a6d1602ec0	win32u: Report WPF_RESTORETOMAXIMIZED as Windows does.
0562	0562-msxml3-Report-a-misplaced-XML-declaration-as-Windows.patch	7d7e2f14ce6	msxml3: Report a misplaced XML declaration as Windows does.
0563	0563-msxml3-Find-the-spaces-left-out-of-an-element-declar.patch	37bd26f7822	msxml3: Find the spaces left out of an element declared EMPTY when MSXML 6.0 validates a document.
0564	0564-include-Name-the-result-of-IXMLDOMNode-ownerDocument.patch	42daa0e2cf3	include: Name the result of IXMLDOMNode::ownerDocument XMLDOMDocument, as the SDK does.
0565	0565-msxml3-Implement-IPersistMoniker-IProvideClassInfo-I.patch	460f1366ef0	msxml3: Implement IPersistMoniker, IProvideClassInfo, IOleCommandTarget and IServiceProvider for documents.
0566	0566-win32u-Keep-the-corners-of-a-window-with-no-border-c.patch	49c42e13386	win32u: Keep the corners of a window with no border colour round for the drivers, and leave its default border to them.
0567	0567-winex11-Draw-the-shadow-of-a-pop-up-with-round-corne.patch	f073327c4cf	winex11: Draw the shadow of a pop-up with round corners, as Windows 11 does.
0568	0568-msxml3-Write-an-element-that-held-only-left-out-spac.patch	767ba961357	msxml3: Write an element that held only left-out spaces with an end tag, as Windows does.
0569	0569-msxml3-Stop-compiling-an-expression-after-an-error-a.patch	43c4077e5f7	msxml3: Stop compiling an expression after an error, as libxml2 does.
0570	0570-msxml3-Use-the-node-xmlAddChild-returns-for-text-whi.patch	d8588136328	msxml3: Use the node xmlAddChild() returns for text, which it joins to text before it.
0571	0571-msxml3-Implement-IXMLDOMElement-normalize.patch	bad663f91a6	msxml3: Implement IXMLDOMElement::normalize.
0572	0572-msxml3-Keep-references-to-entities-as-nodes-holding-.patch	303abd68397	msxml3: Keep references to entities as nodes holding those of the entity's declaration, as Windows does.
0573	0573-msxml3-Let-XPath-see-through-entity-references-as-Wi.patch	def826471c0	msxml3: Let XPath see through entity references, as Windows does.
0574	0574-kernelbase-Add-messages-for-E_ABORT-and-STG_E_ACCESS.patch	ace9661e905	kernelbase: Add messages for E_ABORT and STG_E_ACCESSDENIED.
0575	0575-msxml3-Give-the-reasons-for-errors-loading-a-documen.patch	8730e9538e4	msxml3: Give the reasons for errors loading a document in the words of each version, with what they are about, as Windows does.
0576	0576-winex11-Draw-the-corner-pixels-a-round-window-leaves.patch	c883cf11f07	winex11: Draw the corner pixels a round window leaves out in its border colour, as much as they are covered.
0577	0577-win32u-Leave-the-corner-pixels-partly-outside-a-roun.patch	9c0fe75bb77	win32u: Leave the corner pixels partly outside a round window with a border colour to the driver.
0578	0578-winex11-Draw-the-drop-shadow-Windows-11-gives-a-wind.patch	359e8dbb15b	winex11: Draw the drop shadow Windows 11 gives a window with square corners whose class has CS_DROPSHADOW.
